Modèle,Type,MAE,RMSE,MAPE
Espace d'États,Par Âge,4.159029805085748,5.4514853199929005,82.41873243348992
Gompertz,Par Âge,4.901095295936589,6.168831985967672,94.92017682227312
