Modèle,Type,MAE,RMSE,MAPE
Espace d'États,Par Âge,4.159029805085748,5.4514853199929005,82.41873243348992
Gompertz,Par Âge,4.505419587297985,6.157269057131776,79.74827345524643
