Year,Production au plant (g),Type
2025,1.9426666511740749,Forecast
2026,2.7099443285630507,Forecast
2027,3.4772220059520262,Forecast
